Location,Frequency
India,1829
Delhi,848
States,659
Karnataka,490
Gujarat,224
Kerala,196
New Delhi,193
I.A.,175
Mumbai,169
US,165
IA,124
Rajasthan,118
Bombay,116
West Bengal,98
Shriram,93
Uttarakhand,87
GDR,82
Haryana,82
Ujjain,74
Accused,70
Notification,69
Kuno,64
England,64
Ganga,63
U.S.,63
Dehradun,62
CMP-2031,56
Krishna,56
Assessee,56
Odisha,55
Faridabad,54
the State of Tamil Nadu,54
Zoo,52
Yamuna,51
State,50
Bihar,50
IV,48
the State of Rajasthan,48
JICA,46
Clauses,46
Karoran,46
Jallikattu,46
Orissa,46
O.A.,44
the State of Gujarat,44
the State of Kerala,41
Chhattisgarh,40
Judges,40
NC,39
the United States,38
OA,38
MSPL,38
the State of Meghalaya,37
Mullaperiyar,36
Stockholm,35
the States of Punjab,34
the Official Gazette,34
R.P.C.B.,34
Assam,33
Sections,33
Bangladesh,32
the State of Maharashtra,32
Anangpur,32
Jabalpur,31
Hyderabad,30
Narmada,30
Andhra,30
MoD,29
List III,29
USA,28
Singh,27
JJ,27
Claimants,26
Jharkhand,26
Sanctuary,25
Canada,25
Allahabad,25
MBA-III,25
the Gazette of India,25
the State of West Bengal,24
Rathod,24
Vedanta,24
Bhaskaran,23
China,23
the State of Orissa,22
Shivalinga,22
Tsunami,22
Pune,21
UK,21
Kanpur,21
Australia,21
District Ropar,21
colonies,21
Mathura,20
Undertaking,20
Euram,20
P.C.,20
LA,20
Alaknanda,20
C.A.,20
United States,20
Japan,20
Pakistan,20
M.C.,20
Kolkata,19
Gurgaon,19
France,19
Jammu,19
Sterlite,19
Chandigarh,19
Khasra,19
Kulem,18
Hindi,18
Smt,18
Telangana,18
Peruru,18
Meghalaya,18
Lanjigarh,18
Ghaziabad,18
WP,17
Germany,17
Mansagar Lake,17
Bangalore,17
Lucknow,17
Bhopal,17
Bengaluru,16
the State of Bihar,16
Uttrakhand,16
T-1,16
Nawalgarh,15
Bachan Singh,15
Roorkee,15
Alang,15
48A,15
R.S.P.C.B.,15
the Union Territories,15
Jaipur,15
Telengana,15
Ex,14
Santiniketan,14
Dadri,14
London,14
Sandur,14
the United Kingdom,14
Nongtrai,14
New York,14
the State of,14
Warden,13
Village Manimajra,13
Parishad,13
PG,13
Allottee,13
Ispat,13
Varanasi,13
the City of Bangalore,13
Excise,13
Karst,13
South Africa,13
Norway,13
the United States of America,13
Tuticorin,13
Shillong,13
Castlerock,13
Tangra,13
directions:(i,13
Noyyal,13
Ahmedabad,12
Articles,12
List,12
the States of Andhra Pradesh,12
Bhudhram,12
Jindal,12
Sukinda Valley,12
Manoj,12
Meditrina,12
Vembanad,12
p.a.,12
the State of Goa,12
Nagpur,12
Kalyani,12
Jagmohan,12
Paris,12
Keonjhar,12
United Kingdom,12
Delhi Ridge,11
Centre,11
Rangachari,11
Pasupat,11
Topsia,11
Shakuntalabai,11
DDA,11
Maharashtra,11
the State of Haryana,11
MT,11
Mandamus,11
IIT Delhi,11
below:(i,11
01.04.2020,11
Uttar,11
Sandhu,11
Gowalas,10
Chandrachud,10
K.S.,10
Adani Rajasthan,10
G.O.,10
Amritlal,10
Nadergul Village,10
Lakshadweep,10
Sri Bhat,10
Hong Kong,10
U.S.A.,10
Latur,10
South Delhi,10
anomaly,9
Jyotirlinga,9
Cs-137,9
TET,9
East Khasi Hills District,9
Affidavit,9
Ashlesha,9
Singapore,9
Goa,9
Billigundulu,9
Mizoram,9
UG,9
Apex,9
V.D.I.S.,9
Central Delhi,9
Pulicat,9
MoC,9
Bench,9
Beas,9
Rylands,9
Switzerland,9
Ferozabad,9
the State of Andhra Pradesh,9
Nandini Satpathy,9
I.T.D.C.,9
Korba,9
Suffice,8
Judgment,8
Visakhapatnam,8
L&DO,8
Pondicherry,8
Salem,8
Pravinbhai,8
Mahakal,8
Dinesh,8
NCT Delhi,8
the States and,8
Vinod,8
Nepal,8
Municipality,8
Alwar,8
Southern Zone,8
L.T.,8
Tehsil,8
Alumina,8
C.B.I.,8
Puri,8
Anr,8
Ramkrishna,8
Shivlinga,8
Ernakulam,8
Extraordinary,8
Italy,8
overburden,7
USSR,7
04.11.2019,7
Ireland,7
Newasa,7
Chernobyl,7
Bangalore City,7
the State of Andhra,7
the States of Tamil Nadu,7
JMFC,7
America,7
Pandara,7
Rio de Janeiro,7
Indonesia,7
Dhanbad,7
Clause,7
Bhagwati,7
Halsbury,7
Bhilai,7
Ld,7
West Champaran,7
Shridhar,7
Sankalchand,7
Ranchi,7
Wales,7
Washington,7
Ministry of Coal,7
H.T.,7
the Ravva Field,7
MA,7
Bichhri village,7
MD,7
Bhuj,7
Bakrid,7
para,7
NH-179B,7
L.J.,7
Madras,7
Narayan,7
Srinagar,7
are:(i,7
Council,7
Niyamgiri Hills,7
Tiljala,7
Vainguinim,6
Mysore,6
Raibagh,6
Rohini,6
Patrapada,6
M.A.,6
law.5,6
Megha,6
Brazil,6
Mauza Ghatkuri,6
china,6
CAMPA,6
UPSEB,6
Sweden,6
Nagaland,6
Aadhar,6
BARC,6
Tirumala,6
the State of Odisha,6
Tughlakabad,6
Morphological Ridge,6
Austria,6
Denmark,6
Lingas,6
UCC,6
Engineering,6
Rathinam,6
Keshopur,6
Iran,6
North,6
Maratha,6
Vaamika,6
Mahuwa,6
West Godavari,6
U.K.,6
Gurugram,6
XXXXXX,6
Bicholi,6
Kanadia,6
Jalpaiguri,6
4A,6
Dhar,6
Port,6
B.S.T.C.,6
Aravalli Hills,6
Indore,6
Hemvati,6
Russia,6
Vikaspuri,6
Fatehpur,5
Dungripanth,5
Cambridge,5
LD,5
Palamedu,5
Aventis CropScience,5
Rangri,5
Pooja Rawat,5
D.S.,5
PW-2,5
Sendri,5
Chakki,5
the Indian States,5
DC,5
Gwalior,5
the States of Kerala,5
Vadinar,5
Dhari,5
Us,5
Patiala,5
A.S.,5
Greenwich,5
Noida,5
Sugar,5
Environmental Clearance,5
Patrapara,5
Saharanpur,5
Kachchigarh,5
Bhagirathi,5
Zambia,5
the State of Assam,5
Dubai,5
Jhajjar,5
Nongtrai Village,5
Poppalguda Village,5
Ghatkuri,5
Act.5,5
Jagir,5
Chamoli,5
Gauhati,5
Utpat,5
Ballabhgarh,5
JUDGMENTL,5
Vaamika Island,5
Katraj,5
Malaysia,5
C.C.,5
Lutyen,5
the riparian States,5
Kalwakole Village,5
Chemistry,5
Dharamshala,5
Barium,5
Greater Mumbai,5
Aminabad,5
Machado,5
Diploma,5
Formaldehyde,5
Surajkund,5
non-Delhi,5
the States of West Bengal,5
A.K. Gopalan,5
Gujarati,5
Janakpuri,5
Belgium,5
United States of America,5
Court,5
Braille,5
Lafarge,5
Brasilia,5
A.G.,5
Mukherjea,5
115th,5
Ahmednagar,5
the States,5
Satara,5
Tehsildar,5
Aurangabad,5
Sarva,5
Namibia,5
OA Nos,5
S.L.P.(Crl,5
D.O.,5
Pune City,5
New Aurangabad,5
us,4
mt.,4
BS-IV,4
Milan,4
Palar,4
East Bengal,4
Pagla Danga,4
harijan,4
Dr,4
Motilal,4
Mukesh,4
Narayana,4
08.04.2005,4
Kudrat,4
Shivling,4
NCLT,4
Tamil,4
Merged States and,4
Keshavpur,4
Bhuria Nala,4
Medak District,4
Kaliyasour,4
the States of Uttar Pradesh,4
"contains,--(a",4
Governments,4
Governmental,4
Bhitarli,4
Garbhgrih,4
Vijayanagara,4
Tamilnadu,4
Bajkheda,4
pp.,4
the States of Rajasthan,4
Statute,4
L-1,4
the States of Gujarat,4
Phase,4
employed1,4
Abhishekas,4
G.Os,4
Special Industrial Zone,4
Consortium of Titagarh,4
Ganderbal,4
M.R.,4
Badwaha,4
Bengal,4
Aadegaon,4
Departments,4
Adhiyaman,4
Khasi Hills Autonomous,4
Jajmau,4
Udhanwas,4
Panchtarni,4
the United State of Rajasthan,4
Gurdaspur,4
Madhya,4
Zimbabwe,4
Regulation,4
Vettila,4
Banks,4
Alagarswami,4
Jaisalmer,4
Jalgaon,4
Gategaon,4
L.Rs.,4
Parganas,4
Kamalabai,4
Jagmohan Singh,4
Sariska,4
Kumta,4
Sukhna Wildlife Sanctuary,4
W.B.,4
F.Y.,4
P.S.,4
the Republic of India,4
Malaria,4
01.06.2016,4
Gobind,4
Padma,4
Pudhupettai,4
Manipur,4
Kullu-Manali,4
Teachers,4
made:(i,4
Coal India,4
Guntur,4
Anuj,4
NCR,4
Lege,4
O.P.,4
New Delhi District,4
KLT,4
Netherlands,4
Spain,4
Janakpuri West,4
Greece,4
MRTS,4
Botany,4
Southern Ridge,4
Kalahandi,4
Israel,4
Camden,4
Kutch,4
Admiralty,4
Fort St. George,4
Valsad,4
District Ghaziabad,4
Jaintia Hills,4
Sivakasi,4
Ratnagiri,4
State of,4
Peddakothapally,4
Town,4
Questionnaire,4
Central Vista,4
Karnataka State,4
DPCO,4
U.P.S.C.,4
Sitanala,4
Nicobar,4
Kishangarh,4
N.D. Jayal,4
Tripura,4
G.S.,4
U.T.,4
Iskcon,4
R.S.,4
Chardham,4
Babrala,4
ST,4
Kuldiha Wildlife Sanctuary,4
Nagaraj,4
the States of Bihar,4
DR,4
MIL,4
thus:(i,4
I.R.,3
Saini,3
Kokapet,3
Buffer Zone,3
Vienna,3
Poompuhar,3
Khasi,3
Geneva,3
Bhawan,3
Kanhaiyalal,3
Jaipur city,3
Afghanistan,3
Mines,3
Sr,3
Thailand,3
Chickpet,3
Tiljola,3
Burma,3
expeditiously.6,3
nalas,3
Union,3
Garland,3
the Nagar Pramukh,3
the No Development Zone,3
Roman Empire,3
CCI,3
Karwar,3
Asstt,3
Wildlife Sanctuary,3
Tehkhand,3
List-III,3
Chorabari,3
Singh Rawat,3
Oregon,3
09.02.2018,3
LoA,3
Jambunatheshwara,3
Kartar,3
Rudraprayag,3
Dickerson,3
D.P.C.C.,3
Uttarkashi,3
PSPCL,3
Independence,3
Faridabad-Gurgaon,3
C.A. Nos,3
G.I.,3
Kabini,3
New Zealand,3
Smith,3
Balbir,3
Rangareddy District,3
Massachusetts,3
Vidhyawati,3
W.A.,3
I.T.,3
Sunil,3
T.P.,3
Ashoka,3
S.S.,3
09.12.2005,3
Jodhpur,3
Rudraram village,3
Gaurav,3
W.P.M.P.,3
Medak,3
Colorado,3
OSR,3
British India,3
Buffalo,3
Premium Granites,3
Gadakana,3
Srikakulam,3
Haridwar,3
California,3
Kommaghatta Village,3
the City of Bangalore Improvement Act,3
R.I.,3
Muzaffarnagar,3
Mysuru,3
Kurru,3
Govt,3
the Principal District,3
Kenya,3
the State of Illinois,3
Mundhawa,3
Midnapur,3
Lohegaon,3
Bhiwani,3
Nelapattu,3
Strasbourg,3
T.C.,3
CJ,3
Nathubhai,3
Thiruvananthapuram,3
Village Karoran,3
the States of AP,3
New Jersey,3
Johannesburg,3
Sehgal,3
Shamshul,3
Md.,3
Gopalan,3
East Khasi Hills,3
the Petitioner S. Namochivayama,3
Osmansagar,3
Mahadeorao,3
Hanmav,3
Gir,3
Gawalada,3
Anil v. State,3
Chopanki,3
the States of,3
k.m.,3
National Parks,3
A.C.,3
Bhubanewsar,3
Mahajan,3
Madras Province,3
Mukhia,3
Calcutta,3
Krishnan,3
District Kalahandi,3
Cauveri,3
Province,3
Agra City,3
Mehrauli,3
Rangpuri,3
Moolgaon,3
Indian States,3
paragraph-8(II)(vi,3
Crawford,3
Mookerjee,3
Vishaka,3
Metropolitan,3
Safdarjung,3
B.C.,3
Counsel,3
pillar.2,3
conditions:(i,3
District Bhiwani,3
Circles,3
"the States of Maharashtra, Mysore",3
Keshav Singh,3
Zurich,3
Courts,3
K.V.,3
Baroda,3
GNOIDA,3
Avaniapuram,3
BPL,3
Kendu,3
Commonwealth,3
British Virgin Islands,3
Crl,3
the Province of Madras,3
Alanganallur,3
AHEC,3
Amravati,3
Korea,3
Nandlal,3
East Godavari,3
Okhla,3
Madanpur,3
Makaura,3
Machhakatta,3
Vijayawada,3
Mahua,3
Brahmpuri,3
Ind.,3
Rohne,3
Brinda,3
Basel,3
Setwar,3
Jawaharlal,3
Bijapur,3
04.11.2003,3
District Keonjhar,3
Banjar,3
Balanagar,3
Satoshi,3
Dantewada,3
Balwant,3
Botswana,3
Hague,3
ivory,3
Vaniyambadi,3
Kasuwar,3
Ammonia,3
Udaisagar,3
Darjeeling District,3
Karad,3
Godown,3
Kundapur,3
Udaipur,3
Tirupur,3
Sikkim,3
justice.36,3
Villianur,3
Ghaggar,3
Indubala,3
A.M.,3
Hapur,3
Media,3
NH-8,3
Dande,3
Building,3
R.L.,3
Markanda,3
Island,3
Salt Lake,3
Suggestion Nos,3
Portugal,3
Moolji Jaitha,3
Sisodia,3
Gurgaon District,3
SWIR,3
D.K.,3
Georgia,3
Finland,3
A.S.I.,3
South Central Ridge,3
Tangri,3
Shabnam,3
Peru,3
Jambunatheswara,3
Ghorpuri Village,3
Avilala,3
Bhagwan,3
Advocates,3
Mahipalpur,3
the Kerala Gazette Extraordinary,3
Kharagpur,3
Aluminum,3
Kalwakole,3
Maneka Gandhi v.,3
Peeragarhi,3
02.05.2016,3
Darjeeling,2
C.E.T.P.,2
District,2
Tarapur,2
Kalpakkam,2
Mankundu,2
Naharpali,2
The States of Rajasthan,2
factors:(i,2
Kharsia,2
Melavittan village,2
Explanations,2
NTP-99,2
J.)INDEXS,2
Meelavittam Village,2
Zn,2
Cr,2
Hindalco,2
Project,2
Umrong,2
Broadband,2
Nippon,2
New Delhi's,2
Madhu,2
Jokalandi,2
Baranj III,2
Saundatti Village,2
Bhubaneswar City,2
Shayara Bano14,2
Amelia,2
Baranj,2
IGNOU,2
Khori Jamalpur,2
Tourbo,2
Kandra,2
the State of Jharkhand,2
MMSCMD,2
Silchar,2
Ore.,2
Kharak Singh,2
funds;(v,2
List II,2
Ambattur,2
the State of Mysore,2
Nanbhai,2
question.3,2
Layout,2
Contemporanea,2
CRPF,2
Banerjee,2
North and South,2
the State of Telangana,2
the State of M.P.,2
Central Ridge,2
Caravan,2
Great Britain,2
the City of Chennai,2
Shakti Vahini v. Union of India,2
Khasi Hills,2
Leather City,2
force.3,2
Basheshar Nath,2
New Hampshire,2
Roosevelt Lathan,2
Missouri,2
Dadar,2
Aluva,2
Airline,2
the Gazette of India Extraordinary Part II,2
Toddy,2
New York City,2
Douglases,2
Ulundurpet,2
"the States, Union Territories",2
Philippines,2
Bijoe Emmanuel,2
Spectrum,2
Barde,2
Khandong,2
W.P.C.T.,2
CF,2
Shahjahanpur,2
DCF,2
B. Nambirajan,2
Import,2
Municipal Corpn,2
Rajkot,2
Wild Buffalo,2
National Park,2
State of Meghalaya,2
regard.33,2
Kancha,2
D.R.,2
06.09.2019,2
Amish Devgan,2
non reum,2
hereunder:(i,2
mechanisms:(i,2
Peninsular,2
Netravati,2
Washington DC,2
02.02.2021,2
Reno,2
Rajpura,2
Annapurna,2
Colleges,2
Velacherry Village,2
L Ed,2
Latur city,2
24.05.2022,2
Laertes,2
Subordinate,2
Hercofina,2
Saskatchewan,2
Pearline Lathan,2
Cassia,2
the States of Madhya Pradesh,2
Gandhidham,2
Thappar,2
Pravasi Bhalai Sangathan,2
DW-3,2
"the ""Union List"").(2",2
Akhil,2
Ukraine,2
East Pakistan,2
Liberia,2
Q.B.,2
Swaraj Abhiyan v. Union of India,2
Marsh,2
Avilala Village,2
District Hazaribagh,2
submit:(i,2
Telgu Ganga,2
05.04.2019,2
the Contracting States,2
Palitana,2
Mahuva,2
07.01.2019,2
the City of London Court,2
Chinkaras,2
Kutchh,2
banjar,2
vegetation;when,2
Gir Sanctuary,2
decisions:(i,2
Nelamangala,2
Peddashpur,2
Woolf,2
Manchegowda,2
N.J.,2
facts:(i,2
Universities,2
Mahabaleshwar Panchgani,2
Congo,2
District Korba,2
Cuba,2
I.As.,2
opined:(i,2
Holland,2
Betarli,2
Digras,2
Hanover,2
the Covenanting States,2
District Yavatmal,2
Chlorine,2
Malewadi Dumala,2
Poland,2
Invoice,2
Kumbhi,2
Lambidhar Hills,2
Benzyl,2
rejected.14,2
Egypt,2
observed:,2
the States of Bombay,2
Villages Anangpur,2
purposes:(i,2
Sutrapada,2
Swaithashwar,2
"Aluminum, Barium",2
Sarabhai,2
Palika Bazar,2
Baba Amte,2
Vidarbha,2
the States of Haryana,2
Apartment,2
Pasupati,2
K-40,2
Sanskrit,2
Pooja,2
degradation.3,2
Jahan,2
Kuala Lumpur,2
Avantika,2
Mahakaleshwer,2
Bros.,2
Tirupathi,2
Mahadev,2
Bnodeddula Vanka,2
Aminuddaula Park,2
CWPRS,2
Dussehra,2
Pushpa,2
Monsoon,2
Shravan,2
B.S.,2
Mewla Maharajpur,2
Simhashtha,2
Simhastha,2
Bangalore District,2
the Mahakal Shivlinga:1,2
Curla,2
NCT,2
Blast,2
Chandranageshwar,2
UJJAIN,2
Laos,2
L.Rs,2
/Ganga,2
Mobile,2
the City of Delhi,2
Supervisor,2
Guwahati,2
Nishant,2
Port Trusts,2
MANU,2
Petitioners4.1,2
Biligundulu,2
rejected.10,2
Britain,2
Ryland,2
H-,2
Conclusion5.1,2
Tradetec,2
Satya,2
India.33,2
nature.33,2
Tandon,2
Bhadrak,2
the Kuldiha Wildlife Sanctuary,2
Avicennia,2
N,2
Lingayat,2
Haryana State,2
Pithoragarh,2
Karnataka.2,2
India.4,2
Rio De Janeiro,2
Linga,2
Siwalik,2
06.02.2008,2
Jagir Village,2
K.C.,2
Coal,2
Jagirs,2
Urdu,2
the States of Jharkhand,2
the Mussoorie Hills,2
Sri.,2
Taj Mahal,2
Notwithstanding,2
Kannada,2
Secunderabad,2
Chamarajpet,2
Matindu,2
inter alia,2
scan,2
Rohde,2
Mewat,2
the Respondent States,2
Vokkaligas,2
District Bellary,2
Jaloun,2
the State of Texas,2
Cheboygan County,2
Baltimore,2
Jalandhar,2
Sankey,2
Ludhiana,2
the Ratlam Municipality,2
HMP,2
APPC,2
Anantnag,2
Bawana,2
Bahadurgarh,2
problems.6,2
Meridian,2
UCIL,2
Jharia,2
workers.(d,2
Runukutta,2
xxx36,2
the State of Delhi,2
Mesothelioma,2
Art,2
Udaipur District,2
the Aravali Hills,2
Kedarnath,2
Bhyunder Ganga,2
Dhauli Ganga,2
Kot,2
Assi Ganga,2
Rishi Ganga,2
pp,2
Magistrates,2
Greater Bombay,2
the Project Proponent,2
Technical,2
Arizona,2
Kundli,2
Judiciary,2
Gandasu,2
I.E.,2
Quareshi,2
Bassein,2
the Mahakal Jyotirlinga,2
Kasavanahalli Village,2
Act.(5,2
Ojha,2
IA Nos,2
Principal,2
08.04.2022,2
01.04.2021,2
Nellore,2
I.A. Nos,2
Paraganas,2
Electrotherm,2
Taluka,2
Kannur,2
Category-A;iv,2
Jagpal Singh,2
Tumkur,2
"Maharashtra, Kerala",2
neti,2
Anantpur,2
Hong-Kong,2
Orient Herbs,2
Lepcha,2
Katha,2
today.10,2
Bleaching,2
Governments of States,2
the States and Union Territories,2
Adhyaksha,2
Panchayati,2
Singhbhum,2
Kashmir Singh v. Union of India,2
Bhivpuri,2
the States of Assam,2
by-(i,2
Hospet,2
Meerut,2
Committee;(b,2
Rajamani,2
Tobago,2
A.E.R.B.,2
Marine Sanctuary,2
Trinidad,2
Kochi,2
VVPAT,2
M.Sc,2
Nilabati,2
Seattle,2
Khatri,2
Mishra,2
University Polytechnic,2
Trichi,2
order:(i,2
hazards?(5,2
wastes.(11,2
Nellore District,2
Alipore,2
Chenchu,2
Krishnadevi Malchand Kamathia,2
KVTDS,2
Agusta Westland,2
Sahai,2
basin States,2
31.08.2016,2
DG,2
New DelhiDated,2
ACQ,2
Letter of Assurance,2
Mauza South Parbatpur of Chandankiyari Block of Bokaro District,2
Mahaboobnagar,2
T.S.,2
Parking,2
Kangra,2
Shoulder,2
MoEF&CC,2
Euthanasia,2
Mexico,2
Chairperson,2
Siddharth Vasisht,2
Coma,2
hill,2
be;(b,2
Seychelles,2
Guyana,2
Sonepat,2
Costa Rica,2
Chillavannur,2
District Ghazipur,2
Panama,2
Fiji,2
by:(i,2
Pushpa Nagar,2
the District of Panchkula,2
3rd Edn.,2
S.M.,2
Vishakhapatnam,2
Saharan,2
ROC,2
Yamunotri,2
under:5,2
L.O.I,2
Pudupettai,2
J.:(i,2
as:(i,2
Yedurapattu,2
The United States,2
SC/0268/1963,2
Chicago,2
consideration;(v,2
U.P. Gazette,2
the Gazette of India (Extraordinary,2
Tika Ramji,2
the Counter Affidavit,2
Rome,2
Bahamas,2
ship.7,2
the Republic of South Africa,2
08.08.2019,2
Tanakpur,2
Pudukuppam,2
Dharamsala,2
Tika Ramji v. State of UP,2
for-(a,2
Yamuna Nagar,2
buildings-(a,2
Luxembourg,2
Kunal,2
Maruti,2
Persia,2
Flora,2
M.L.,2
Chhotu,2
Qutub Vihar,2
Mawsynram,2
Kukma,2
manner:(i,2
New Delhi-110024,2
CBA,2
Balothia,2
Sanctuaries,2
01.10.2020,2
Dandeadom,2
Rajpath,2
law.12,2
Narsingi Village,2
Kelye,2
Subject,2
CJ.1,2
Manilal Mohanlal Shah,2
L.C.,2
Unni Krishnan,2
Cuddalore,2
Elementary,2
Producer,2
Hon'ble,2
DD,2
Mango,2
Raigarh,2
observations:(i,2
RO,2
Maddur,2
Mangalore,2
Blood,2
the Coastal States,2
Rule,2
Chahar,2
premises.(3,2
Thiyagavalli,2
Compartmentation.(5,2
Chitrapettai village,2
District Agra,2
the Duke of Edinburgh,2
Lithoferro,2
Highway,2
Dahisar,2
T.I.,2
Ahmadi,2
Khasi Hills Autonomous District Council,2
Prince of Wales,2
Eddinpada,2
Sheoran,2
Ramamurti,2
Telecom,2
Dattawadi,2
Timarpur,2
W.A. Nos,2
W.N. Chadha,2
Bagasse,2
functions:(i,2
formulated.(11,2
Sri,2
Wetlands,2
Sriniketan-Santiniketan,2
BMHRC,2
Kabir,2
S.S.L.C.,2
Deepak,2
D.S.S.,2
the People's Republic of China,2
Mesopotamia,2
Krishnapatnam,2
Semmankuppam,2
Godavarman,2
Cytosine,2
Sundargarh,2
allowed.2,2
C.M.W.P.,2
were:(i,2
Shantiniketan,2
Karauli,2
Wednesbury,2
Muralidhar,2
applicant;d,2
East Godavari District,1
Chimidipalli,1
5.11.1986.6,1
the Halka Patwari,1
parameters.6,1
Memorandums,1
Pune city,1
Salisbury,1
Mandaparti,1
Konapuram,1
19.11.2016,1
Khammam,1
Mallagumuru,1
Ganjam,1
Kaveri,1
Warangal,1
Bhutan,1
Adilabad,1
Vizianagaram,1
Dumbriguda village,1
Veduruvada,1
Harsul,1
Mahanadi,1
Angadha Mauza,1
Kukatpalli,1
infirmities.6,1
N-4,1
Jeedimetla,1
Judgement,1
Garkheda Village,1
Kamre,1
"nature;""14",1
Schedules,1
Kunga Nima,1
Mahanadi-Godavari-Krishna-Cauvery,1
Ranganathan,1
Doranda,1
Saikia,1
Wild Fauna,1
03.06.2022,1
Bayajipura,1
Venkatachaliah,1
Jaswantsingpura,1
Hatesingpura,1
Ivory Articles,1
depreciation).7,1
convict.5,1
RFA(OS,1
Visakhapatnam District,1
the States or Union Territories,1
The States of Assam,1
Rampachodayaram,1
I.T.D.A.,1
"Maharashtra, Chattisgarh",1
Kailaswati v. State,1
Bainpur,1
Chattisgarh,1
Nimmalapudu,1
service.-,1
agreement.5,1
Dhadun,1
the Kanataka State,1
Agronomy,1
the City of Bengaluru,1
Mukundwadi,1
New Township,1
Damanganga,1
Jadhavwadi,1
Nahargarh Wildlife,1
Quasebpura,1
Pandara Park,1
Mistake,1
Canara Bank,1
the Master Plan.3,1
Trust,1
itself:(i,1
Narsingi,1
Kunta,1
Ratlam Municipality,1
Karamcharies,1
Delhi Admn,1
Bairam Nagar,1
M.S.,1
District Bijnore,1
AIR1996SC90,1
Gazipur,1
particular:(i,1
Kalavati,1
10.2.2005,1
Safai,1
Khamba,1
Jhuggies,1
Chinkara,1
Constituency,1
justice.40,1
Quinn,1
the Karnataka State,1
Ujariyaon,1
the States of Orissa,1
Palwal,1
Manesar,1
renewal16,1
the Government of Province of Madras,1
Vizagapatnam,1
any Province,1
Satellite Township,1
24.1.1995,1
were;a,1
malice.4,1
Messrs,1
Baton Rouge,1
Bankstown,1
Wilsum Germany,1
Chloro,1
Consultants,1
The United State of Rajasthan,1
the United State,1
the Independent Republic of Texas,1
Texas,1
1982]133ITR365(MP,1
Act40,1
the1,1
The Province of Madras,1
plain]y,1
the Princely States,1
the Indian States:,1
Utah,1
Conclusions12,1
British India;(b,1
Anesthesia,1
schedule)14,1
Viceroy,1
Maharaja,1
04.11.2008,1
United India,1
Khorram,1
Hiroshima,1
Gotan,1
wildlife;d,1
Kasba Amer,1
Kancha Sarkari,1
Karbala,1
4th Ramzan,1
out.c,1
Brahmpuri Nala,1
Nandi,1
delay.(u,1
Dharmsala,1
H.P.,1
Doodhganga,1
McLeod Ganj,1
Raibagh Taluk,1
Village Saundatti,1
nation.3,1
UP,1
TCD,1
the States/Union Territories,1
MD Dermatology,1
permission;(v,1
Diary,1
petition14,1
to:(i,1
Samatha v. State,1
India.(vi,1
Shaughnessy,1
Ashok Lanka,1
the States of Assam Meghalaya,1
LT,1
Constitution.30,1
Bansbadanpura,1
the Respondent State of Rajasthan,1
Warangal/1950,1
Nagargarh,1
Lambidhar,1
Organon,1
FIRs.40,1
warrant.57,1
Saith Kabir,1
Rourkela,1
Ambica,1
the States of U.P.,1
MIZORAM,1
fauna,1
Tikrapara,1
Deopuri,1
Gangetic,1
mines:(i,1
Sahasradhara,1
NCT-Delhi,1
Gurudwara,1
Goa Gazetteer,1
Tanigehalli,1
Hirekandawadi,1
Holalkere,1
I.P.S.,1
District Anantpur,1
C.R.,1
Krishapatnam,1
Cyermethrin,1
Sri Chand,1
Nizam Atiyat,1
Sandas,1
holding:(i,1
HPC:29.1,1
Nathani,1
Lokayukta,1
Hinduism,1
Kailasanatha,1
Instantel,1
Karaldanga,1
Tapsia,1
Krofta,1
St. Adv,1
vertical:6,1
Wasting,1
inspection:1,1
Greater Kailash,1
locations.8,1
Vikram,1
O.K.,1
the Safe Zone,1
Raghunatha,1
Mallamma,1
the Indian Union,1
Temple,1
The State of Madras v. Srimathi,1
Deep Chand,1
the State of Karnataka2,1
Various States,1
otherwise.10,1
Sikandra,1
Shilpgram,1
Village Jatoi13,1
Aravali Hills,1
Narendranagar,1
Narendranagar District,1
Jambunathahalli Temple,1
development.84,1
N.D.,1
cases.56,1
Wetland,1
abeyance.6,1
Sanshodhan,1
Bombay City,1
Reissue,1
North Korea,1
"substituted:-""(gf",1
Mahanadi Coal Fields,1
State of Orissa,1
"herein:-""SEVENTH",1
Rangwasa,1
The United Kingdom,1
Indore District,1
Appellant;(vii,1
"Rs.50,000/-",1
Jarakabande,1
Sujanpur,1
Juggilal,1
Portland,1
Onkarlal,1
Vietnam,1
Jambhunathahalli,1
both.33,1
Sakta,1
Mfr,1
Saiva,1
ROs.12,1
Veerabhadra,1
antarala,1
07.02.2022,1
Retail Outlets,1
held:(i,1
adhishthana,1
Girangaon,1
buildings;xxx22,1
communication;e,1
Special Township Project,1
the Residential Zone,1
Present Set of Appeals37,1
Hashmattullah,1
Grid.6.3.3,1
Townships;7.5.3,1
Mysore City,1
Heggur,1
AP)22,1
directions.10,1
Yogendra Pal v. Municipality Bhatinda,1
Bidadi,1
Udanti Wildlife,1
"the Goldodi, Nanakramguda",1
Khanapur,1
Nejjala,1
Topo,1
Ramanagram,1
Kokapet village,1
Kokapet Village,1
SPM,1
the Transferred Township Assets,1
AP)11,1
Srirangapatnam,1
judgment.49,1
Bengaluru District,1
Darrang,1
"State""3For",1
Kota,1
Kochhar,1
PGIMS,1
Counsel13,1
use.(5,1
Multi,1
GCA.19,1
this Paragraph 3.8.3,1
Khajod Village,1
Khajod,1
9998Email,1
committee.10,1
Mourville,1
Bhupdevpur,1
Kommagatta village,1
Ibrahimpatnam,1
96/2007,1
MA Nos,1
Kengeri village,1
Qureshi,1
Surah,1
the Holy Quran,1
Jehangir,1
Petitioners.(p,1
168(P,1
165P,1
Articles 19(5,1
Qusreshi-III,1
Kommaghatta,1
FWA.12,1
limine.4,1
C.S.,1
MP,1
Hardwood per M.T.,1
01.11.2022,1
Gurgaon Circle,1
region.19,1
Village Anangpur,1
para-24,1
be:(i,1
Tippu,1
Kempegowda,1
Magadi,1
The States of Bihar,1
07.11.2002,1
Varashansandra Village,1
Telia,1
AAG,1
INDIA,1
31.01.2022,1
Testing,1
Grid,1
Clause(c,1
the States of United States of America,1
the Cantonment of Delhi,1
D.N. Chanchala,1
Unnikrishnan,1
02.12.2020,1
C. Jagadeeswar,1
Swant,1
M.B.B.S.,1
Sharipati,1
Eluru,1
Hansaria,1
above.33,1
Gujarat State,1
Rc,1
Siddapuram village,1
N.T.P.C.,1
University of Delhi,1
institutions.12,1
justification.10,1
Amartya,1
Volume IV,1
02.08.2016,1
09.04.2019,1
CEC.9,1
confirmation.3,1
Sati,1
AC,1
Oberoi,1
Sea Rock,1
tribunal.9,1
Shripati,1
Nasik.16,1
Deoraj,1
hebephrenia,1
Sen,1
Oil);10,1
these:(i,1
Katra v. Union of India.(12,1
Near,1
Towne,1
"well:""Third",1
the Handbook of Procedures,1
Jaisinghpura,1
D.G.F.T.,1
place.36,1
Morey,1
Tilwar,1
Quondam,1
Hingna,1
Maroda,1
Karkare,1
District Durg,1
Cherthala Aroorkutty,1
under:165,1
Minnesota,1
Bairley,1
"the State of Maharashtra, Gujarat",1
These are:(i,1
the State of Tamil Nadu.(b,1
Role54.9,1
Teak,1
the State of Tamil Nadu.3,1
J.S.,1
Sukhan Singh,1
Glanrock Estates,1
AGR,1
the State of Maharashtra.16,1
Pandit,1
Authority.(3,1
information:(a,1
Documents,1
Borivli,1
under:'resident,1
Unnikrishan,1
05.04.2016,1
Singrauli,1
foreigner.***17,1
Shreya Singhal14,1
Greater Noida,1
review41,1
A.D.D.(L.A.,1
Village Bisrak,1
land.33,1
Shahberi,1
Anand Singh's,1
"facility--""was",1
Anand Singh,1
Echo Village,1
Pargana Dadri,1
Dandakaryanya,1
Dandakaranaya Project,1
07.08.2018,1
quarters39,1
Kodaikanal,1
Sitabardi,1
passed:(a,1
Sasan District,1
Respondent-Union of India(a) Respondents,1
NGO.(i,1
Shardindu,1
the Nagar Panchayat,1
Monghyr,1
the City of Ahmedabad,1
Chintamanrao,1
the Principal Act.(cc,1
Webinars,1
Councillors.(3,1
Jagdish,1
A.K. Gopalan v. State,1
CWJC,1
appealA,1
Khanna,1
Raipur,1
31.05.2016,1
Dohan,1
Bhaiji,1
completed.12,1
the States of India,1
Vayals,1
Vadgaon,1
Kamorta,1
Singhad Road,1
Havelock,1
catch.10,1
Nicobar Islands,1
watchman,1
04.04.201115,1
Paryavaran,1
New Delhi-110,1
"4,858.57",1
Krishnavati,1
Pinjore,1
Outlook,1
District Panchkula,1
Suraj,1
Mumbaiiv,1
01.04.2023,1
Ishwar Baheti,1
namely:(21,1
non-BS-IV,1
Nilanga,1
District Latur,1
Principal District,1
Yamuna.9,1
Thane District,1
the Mathadi Act?(ii,1
Mathadi,1
Ambala,1
Godawat,1
Amarnathji,1
Paras,1
grounds:6,1
Mackintosh,1
Thirunagari,1
Sirkazhi,1
Chandigarh and Panchkula,1
New Capital,1
Mangroves,1
AS(CS,1
Dichlorvas,1
Pande,1
Locationxxx,1
Pattinamarudur,1
Motels,1
Suryakumar Shrimp,1
Karaikal,1
Shriharikotta,1
Tehri,1
Sulurpet,1
SEZ.(m,1
H.B.,1
Shriram Shrimp,1
Pompuhar,1
Groundwater,1
persisted:(i,1
Fauna,1
Fauna.(vi,1
Nuremburg,1
the K. E. M. Hospital,1
Gandhinagar,1
question.9,1
under:70.1,1
aati1,1
O.As.,1
resources.36,1
lastwan,1
Chokoria,1
Gujja,1
Silent Valley,1
Lalpur,1
Moscow,1
"Karnataka, Maharashtra",1
West Pakistan,1
Tilokchand Motichand,1
the west coast,1
the State of M.P. v.,1
Government,1
schools.10,1
Nalaban,1
facility.12,1
Purna,1
Nocobar,1
Satpati,1
Dharamtar,1
South Andaman,1
Choraho,1
Razadi,1
the Bengal Province,1
Palghar,1
05.06.1970,1
Gunda,1
"unit"".3",1
III,1
Cormorants,1
disposal;h,1
Koraput,1
Perumalpettai,1
Bolangir,1
above.101,1
both.107,1
the States of west coast,1
The States of Kerala,1
application.124,1
light.143,1
Monnavar,1
Yandabo,1
A.S. Anand,1
Mercy Killing,1
IIT,1
the B. E. S. T. Depot,1
Panjim City,1
South Goa,1
noticing:(i,1
Bahri,1
Barakhan,1
Thapar,1
Karam,1
Almora,1
nature.b,1
boiler.117,1
Secretariat,1
real.6,1
Energy Watchdog,1
the State of U.P.,1
the State of U.P. Therefore,1
NDZ).4,1
TDSAT25,1
MOSP,1
U.P.MANU,1
Maharashtra States,1
Warvelle,1
condition:1,1
NOTIFICATIONNew Delhi,1
Gargaon,1
society.5,1
Mulk Raj,1
M.Y.,1
A.P.P.C.B.,1
Advocate31,1
L.O.I.,1
Solapur,1
Chokolingo,1
P.K.,1
Humanities,1
Supplementary,1
hill/ Uttarakhand,1
deformities.12,1
Frankenstain,1
Einstein,1
Kaka,1
Hect).Land,1
Kannadigas,1
Columbus,1
Chamarajpet Constituency,1
Chickpet Constituency,1
Sa,1
New Palasia,1
the State of Rajasthan.3,1
auction;8,1
K.M. Chinnappa,1
IIT Delhi's,1
KIOCLProf,1
feasible.4,1
insignificance.21,1
the District of Bhavnagar,1
earliest.5,1
Goswami,1
Munich,1
Berlin,1
necessary.5,1
the State of Tamil Nadu.6,1
disguise78,1
20.9.2016,1
Thanjavur,1
ayacuts:(i,1
KfW Germany,1
08.07.2016,1
law.74,1
colonization34,1
Badhkal,1
Ardeshir H. Bhiwandiwala,1
to-(a,1
Marad,1
Line,1
District Bhadrak,1
Kasuali case.22,1
Laporte,1
continuum,1
04.09.2019,1
Sinter Plant,1
St. Stephen's College v. University of Delhi,1
Free India,1
U.T. Delhi,1
N. Delhi 110037,1
clause56,1
Ramleela,1
Delhi City,1
the area.• Use,1
Ajmeri,1
Jantar,1
Bimal Gurun v. Union,1
Kesar Mango,1
Madhapur Village,1
the Foreign States,1
Nakki,1
UPSEB.It,1
supply.4.5,1
Gujjegowdanapura,1
time;(b,1
Forest.12,1
Deojhar,1
Keonjar,1
Khawaja,1
Arinakere,1
Sector-8Airoli,1
Mahadevpura,1
CTO.39,1
Chitradurg,1
Dilwara,1
Upper Kodra,1
Chobey,1
University.(1,1
schools;(b,1
Devdungri,1
Nos,1
N. Subbarayudu,1
23.05.2008,1
licences.57,1
Pannalal,1
the Democratic Republic of Congo,1
District Park,1
Uganda,1
heads:(i,1
DISCOM(s,1
Jashbhai,1
E.P.S.,1
P.C.B.,1
underground10,1
Bollard,1
Aircel,1
supplied)35,1
Old Delhi,1
ITNew Delhi,1
Quindy,1
New Delhi/Central Delhi,1
Bishessur,1
Anr.1,1
Environmental Science,1
the British Rule,1
under:(d,1
Ex-Parte',1
the Respondent States of Bihar,1
mango,1
objectives:(i,1
THE TELECOMMUNICATION COMMISSION,1
NTP-94,1
North Avenue,1
ours)28,1
Wiremen,1
N.D.M.C.,1
TIP,1
P17).III,1
Darya Singh,1
Malkhan,1
Parmar,1
P65,1
Kolkata9,1
Harijana,1
Appabhai,1
Vadivelu,1
sea.9,1
it.164,1
Nirmal,1
sides.181,1
deterrent.182,1
Macchi Singh,1
Upputeru,1
Kandleru,1
P14,1
Manoharan v. State,1
Bhimavaram,1
Kuchipalam,1
Vellar,1
Chandran,1
Microcystis,1
Oscillatoria,1
ammonia,1
Singh v. State of Punjab,1
Vettivera,1
1991).6,1
SFSL,1
measures:6.2,1
delay.50,1
Taiwan,1
Aslesha,1
crime.84,1
Bachhan Singh,1
Sangeet,1
New Delhi3,1
Haydon,1
Yetkin,1
Chowk,1
Indus,1
discretion.163,1
"Maharashtra, Orissa",1
implementation.3,1
V,1
Sindri,1
Bank.40,1
Delhi.2,1
Yudhisthira,1
children.12,1
Palika Kendra,1
Sd/-(Dr,1
New Delhi.2,1
West Yorkshire,1
Burnside,1
Ravji,1
Sheppard v. Borough,1
death.(3,1
antecedents37,1
Ichapuram,1
decisions39,1
Naupada,1
Machilipatnam,1
Machhi Singh,1
Rameshbhai,1
Chandubhai,1
Singh v. State of,1
Coringa Island,1
Pondicherry beach,1
Mahabalipuram,1
"Maharashtra, Goa",1
English decisions6,1
Kamini,1
MARPED,1
Jaiswal v. Union of India,1
Ballabgarh,1
Vincent,1
Amritsar,1
ii)Canada,1
Gurdwaras,1
iv)United Kingdom,1
Suresh,1
the Successor States,1
"The Respondent, Union of India",1
K.A. Abbas,1
Kesavananda,1
Yogyakarta,1
Sakshi,1
Govardhansingh,1
dharia,1
PW,1
Vincent v. Union of India,1
Saraikhaja,1
Ganeshpur,1
Kattan,1
Roop Chand Adlakha,1
the Andhra States,1
Mysore State,1
view.10,1
AE,1
Omkareshwar,1
Indirasagar,1
Kashmir Singh,1
Constitution.xx,1
Magsaysay,1
Barada,1
them.35,1
Mangal Singh,1
Lakhanpur,1
Lakkarpur,1
affairs.2,1
CI-21(20/73,1
Vol,1
Nirmal Vishwa,1
Nakkalavanka,1
these States and,1
District Thane,1
Akkarampale,1
29.11.2001,1
K.Ms,1
data.2,1
Transcore v. Union of India MANU/SC/5319/2006 :,1
telengana,1
objections:(i,1
Mag,1
follows:24.1,1
Kanhaiyalal v. Union of India,1
YR/29021/2829,1
District Magistrate,1
Tiruchanoor,1
Vaikuntapuram,1
detected.10,1
Karala,1
nationalized coal companies.12,1
I32,1
Nazir Ahmad,1
Nanded,1
Anandpur,1
Western Coal Field Limited,1
coal;(v,1
"West Bengal""23",1
IV-5,1
Laxmi Khandsari,1
Srikrishnadevaraya,1
Jalpaiguri District,1
"hereunder:""Government",1
make.(3,1
A.D.,1
pp. 519,1
Cu,1
year.***38,1
Nagarjunasagar,1
the States of Mysore,1
T.M.C,1
island city,1
T.M.C.,1
Colaba,1
the State of Maharashtra and State,1
question.100,1
Exhibit,1
MPD-2021,1
the Kerala Scheduled Tribes,1
Palakkad,1
"Delhi"".32",1
Wayanad,1
Podium,1
therein.39,1
Category,1
The States,1
Bhavani,1
the District of Birbhum,1
land.14,1
Bonuri,1
Shevgaon,1
"Village Baisagapur, Distt",1
Khurd,1
Ballavpur,1
Guleria,1
12.10.2018,1
µ/m3,1
I.Q.,1
cases--(i,1
Gymnasium,1
Cologne,1
Chatravasa,1
Colfax,1
Act:5,1
Stilts,1
Ca,1
Cannon,1
Connecticut,1
Qazar,1
Johann Zoffany,1
) City,1
Laxmi Engineering,1
question.10,1
Quran,1
B.Sc.,1
Supervisors,1
LS,1
Pune Cantonment.(b,1
day.5,1
Pune Cantonment,1
fireworks.12,1
the State of Jammu,1
OB,1
Plassey,1
convenience:3(11,1
Overburden,1
"Punjab, Nagaland",1
These States/Union Territories,1
the Official Gazette Under Section,1
year.b,1
Khadia,1
Fig.1,1
C-319,1
order.27,1
Museums,1
Tertiary,1
Louvre,1
the Prince of Wales Museum,1
Curator,1
VMH.VMH,1
same:5.1,1
Selvi,1
Kathi,1
New South Wales',1
Farrukhabad,1
the Village Durbar,1
Gonda,1
Village Durbar,1
Hardoi,1
Phlangkaruh,1
Mainpuri,1
C.J.Facts1,1
S.O.S.,1
Pandora,1
Sitapur,1
Ministries or States,1
Unnao,1
Bhadohi,1
Gorakhpur,1
Macedonia,1
Ghazipur,1
Faizabad,1
North Russia,1
Etawah,1
Hamirpur,1
02.11.2016,1
Jalaun,1
Bageshwar,1
"State of Gujarat, Government of India",1
the Tender Documents,1
Jaunpur,1
the Peoples Republic of China,1
Durbar,1
Sultanpur,1
Champawat,1
Bahraich,1
Bulandshahr,1
Deoria,1
Etah,1
Action,1
Chandauli,1
Wakefield,1
the Petitioner that Union of India,1
South Ridge,1
Arundhati,1
institution.82,1
the Time of India,1
NDRF.55,1
AS(UT,1
Pallav,1
utensil,1
Hindu,1
sentencing80,1
Kolhapur,1
media.290,1
Nowgaon,1
justice'.56,1
matter.12,1
Gazette Extraordinary,1
Fungal,1
Mirzapur,1
place.12,1
the State of Uttar Pradesh.10,1
Tanda,1
State of Bihar,1
issued.27,1
Syria,1
Sangathan,1
Wuhan,1
Hubei Province,1
Kobe,1
Hyogo,1
Sendai City,1
East Africa,1
South Russia,1
Salonika,1
World,1
allowed1231Banda,1
Sobraj,1
xxx189,1
Thavathiru,1
Mainstream,1
St. John,1
B.Com,1
B.A.,1
St. John's,1
Mantralaya,1
District Pune,1
drugs.165,1
Kondhapuri,1
probability.194,1
Mis,1
traffic.202,1
submission.229,1
Kasinka Trading,1
S.C.C.,1
J.158,1
CAMPA.(iv,1
Murli,1
NPV.27,1
Huckle,1
Jathlana,1
Thar,1
Pakala,1
Vijaysinh,1
Baldev Singh,1
issues:(i,1
Balbir Singh,1
Collins,1
Bushel v. Hammond,1
principles.101,1
Chapters XVI,1
Naik,1
Vinubhai,1
must.48,1
force.230,1
inquiry:(i,1
Tihar Jail,1
Amberat,1
Accused.(5,1
BASSI Wildlife Sanctuary,1
Sri Soli Sorabjee,1
rupees;(b,1
proceedings.366,1
Sacramento,1
Bobde,1
J.403,1
part.29,1
Maneka Gandhi v. Union,1
Coffin,1
Compulsion,1
Mohamed Dastagir,1
Nanavati,1
Lakhphat Taluka of Kutch District,1
W.P.(C,1
probability.138-B. Relevancy,1
fact.163,1
Rajinder Singh v. State of Punjab,1
directed.172,1
Court.(vi,1
offence.284,1
crime.287,1
the State of Rajasthan v. Raja Ram MANU/SC/0595/2003,1
Gura,1
Maghar Singh v. State of Punjab,1
Piara,1
Tahliwala,1
Baddi District,1
evidence.315,1
Singh v. State,1
IPARA,1
Kanhaiyalal v. Union of India MANU/SC/7047/2008,1
Rajinder Singh v. State,1
MCD,1
Khaira,1
Taherakhatoon,1
Tiroda,1
District Sindhudurg,1
01.07.2020,1
N.A.,1
Kiambu County24,1
L Ed 1018 (,1
Constitution.101,1
10.7.2020,1
UBBL,1
Mahmood,1
Kansas,1
Et,1
Totalitarian States,1
Colonies,1
the British Commonwealth,1
democracy.134,1
North Carolina,1
Arnett,1
the United States Supreme Court,1
Eire,1
Sawantwadi,1
Raisina Hills,1
Sendhwa,1
Planning Zone-D,1
124th,1
provisions.20,1
Item No. 7 and 29/201,1
Colocasia,1
Parties,1
possession.12,1
consequences.12,1
Magesh,1
Ganeshan,1
Mageshwaram,1
Karupaiah,1
PCO,1
licence.(11,1
law.(12,1
Chennai City,1
L. Krishnan v. State of,1
it.x,1
Ministries,1
law.9,1
Rajbala,1
Bidders;b,1
Kanjipuram District,1
Statutes,1
Leh,1
the State of Nagaland,1
Nagapattinam,1
Villuppuram,1
Miyawaki,1
Bharatmala Pariyojana,1
statute1,1
U.R.,1
Attipura Village,1
the Ordinance of 2017,1
Aakulam,1
Thippapura,1
the Sandur State,1
operations;h,1
Kumaraswamy,1
KarnatakaNo,1
the Hingir Rampur Coal Co. Ltd.,1
brief.8,1
particulars:(i,1
trader.149,1
doubts.124,1
countries;b,1
Act?115,1
the Republic of India/Hon'ble,1
Nilgiris,1
Category-A;ii,1
sq.km,1
North Eastern States,1
District Raigadh,1
Numaligarh,1
paperbook)11,1
were:19,1
Caffeine,1
Tennis Stadium,1
Jaikisanwadi,1
so.3,1
area.4,1
REL,1
BEST,1
urged:(i,1
namely:(c,1
electricity.83,1
Chilavannur,1
Fort Kochi,1
the Indian Himalayan Region,1
Hadapsar,1
mutatis,1
Official Gazette,1
Gordhanbhai,1
The Anand Municipality and Ors,1
the Anand Municipality,1
Bhiwandi,1
Maharashtra etc.,1
Sri Subramaniam,1
operators.8.6,1
14.2.2005,1
O.A. Nos,1
Lakhchaura,1
DDG,1
intervention.84,1
Baghpat,1
conclusions.154.1,1
4.4.2018,1
case.12,1
Tenzing,1
Erandawana,1
Pune admeasuring 5000 to 10000,1
MoRTH,1
School.4,1
A.B.S.K. Sangh,1
Murlidhar,1
D.T.C.,1
the Kerala State,1
Shankunni,1
Borneman,1
Hoskot,1
Gadarwara,1
Bhupinder,1
Medico,1
Shobhabai,1
Satyaprakash,1
Darshan,1
Kichchu,1
Vijaynagar,1
O.S.,1
Manilal Mohanlal,1
Erandwana,1
filed:(i,1
New South Wales,1
Caring,1
Maholi,1
Bijnore,1
employee.4,1
events:(i,1
25.07.2008,1
Teheran,1
Satopanth,1
highways:(i,1
Mana Village,1
Himalayas,1
supplied)11,1
Tibet,1
Schiffer,1
Highways,1
road59,1
nation.71,1
recommendations:(i,1
Kedarnath Wildlife Sanctuary,1
NH-07/58,1
evident:(i,1
Conclusion101,1
Orissa.4.10,1
06.09.2006.3.6,1
BASEL,1
Krishnarajasagara,1
Potrem Village,1
Porterm,1
New Delhi - 110003Provided,1
North India,1
GANGA,1
officers:(i,1
Quorum,1
present:(i,1
the States/U.T.,1
Bulk,1
adjudication.3,1
District Jamnagar,1
Essar,1
Jamnagar District,1
03.08.2000,1
NHRC.2,1
P.K. Ghosh,1
Ranjit Thakur v. Union of India,1
Trisoolam Village,1
Fansavle,1
"Kania, CJ",1
Chaplinsky,1
protect:(i,1
Sakal Papers,1
St. Louis,1
Montgomery,1
Alabama,1
Sukhdev Singh,1
Hariharan,1
"nothing""9.83",1
Pt,1
Devika Biswas v. Union of India MANU/SC/0999/2016,1
Maneka Gandhi v. Union of India,1
must.100,1
Shakti Vahini,1
them.101,1
the Union Judiciary,1
Iraq,1
the United Kingdom for Ministers,1
The State of Bihar,1
Hony,1
"war,2",1
Ashcroft v. Free Speech Coalition,1
Singh v. State of Punjab and Ors,1
"etc,",1
the State of Meghalaya and Assam,1
BRIEFI,1
North-East India,1
the States of Meghalaya and Assam,1
Bah-Kong,1
Urn Pai,1
Sarbang,1
al.,1
"al, 2002",1
Manoj Narula v. Union of India MANU/SC/0736/2014,1
Nation States,1
Suvarna,1
Venice,1
Gitlow,1
172)10,1
Romesh,1
Brij Bhushan,1
harmony1,1
languages,1
Petitioner.•,1
Nagarathna,1
District Ratnagiri,1
Pond Ash,1
Gravel,1
"4th May, 2002",1
misbehaviour'41,1
Law Lexicon,1
Fukoshima,1
Apsara,1
Cirus,1
Kudankulam,1
Vacher,1
the State of U.P. Section 3,1
the City of Bangalore Municipal Corporation,1
the City of Bangalore Municipal Corporation Act,1
Singasandra,1
Civil Work)Rs,1
North and South Talukas,1
Annexure-'B,1
LAYOUT,1
Electronic City,1
Bondu,1
C.W.J.C.,1
District Jhajjar,1
Bulandshahar,1
Castes,1
under:165.1,1
Nariman,1
Doordarshan,1
context:(i,1
the United States',1
Lau Tzu,1
xxx(b,1
India;(d,1
Ramakrishna Mission,1
Sebastian M. Hongray,1
Burra,1
W.S.,1
Bapu,1
M'Naughton,1
catatonia,1
Gondia,1
Dhoti,1
Ramakrishna,1
the State of Uttar Pradesh.2,1
South west,1
west Khasi hills,1
INTRODUCTIONMeghalaya,1
Saxena,1
Niyamgiri,1
30.12.2008,1
Samatha,1
Scheduled Areas,1
Princely States,1
Tolas,1
follows:(m,1
Annexures II,1
evidence.i,1
patta,1
Act.b,1
manner:(d,1
South India,1
1996)2CALLT474(HC,1
West Bengal.10,1
erroneous.12,1
the State of Goa.8,1
Goa.6,1
Goa.10,1
Vedanda,1
Rayagada,1
Garo Hills Autonomous,1
inoperable.3,1
Fanasavle,1
Kokan,1
Fansavale village,1
judgment.10,1
Compliance,1
Airport,1
Naval,1
"Project""5For",1
"Act""7For",1
Kargil,1
Deewana,1
Hum,1
Jigar,1
Ravanraj,1
Paimund,1
Schoolmund,1
Udhagamandalam,1
23.11.2007,1
Rayagada District,1
Court.11,1
the State of Goa.12,1
month);(b,1
Phorate,1
invalid?i,1
District Patiala,1
Village Nalash,1
Durley,1
Roskill L.J.,1
Victoria,1
requisition;c,1
years;k,1
Vasco,1
the District of Valsad,1
order.4,1
granted.7,1
Agaram Ward,1
determination:1,1
judicata?4,1
Rajkulewas,1
Bellandur,1
Report.27,1
Garo Hills,1
Cruzan,1
the United States    H. 3Australian Jurisdiction,1
Elecy,1
inconsequential.68,1
Appellant;(e,1
pollution18,1
the State of Kerala.(3,1
Maganbhai,1
law.41,1
Village Jamalpur,1
tanto,1
T. Barai,1
Sikri,1
dispute.4,1
The Province of,1
King,1
Scrutton,1
Shivji Nathubai v. Union of India,1
Question,1
Deonar,1
District Howrah,1
P.S. Sankrail,1
Golaknath v. State of Punjab MANU/SC/0029/1967,1
Superintending,1
Yogendra Pal and Ors,1
Nicaragua,1
Amnesty,1
Minerva Mills,1
Rochester,1
Lesurques,1
Wisconsin,1
Rhode Island,1
Maine,1
Ichikawa,1
San Quentin,1
B. Banerjee,1
Dispensary,1
MPD-2021.12,1
Diwali,1
Adil Singh v. Union,1
Gupta,1
02.02.2022,1
NTCA,1
report.5,1
Ratija,1
Turkey,1
Bolivia,1
SC/0648/1994,1
Argentina,1
Dalbir Singh,1
Camus,1
Acton,1
Maitland,1
Machiavelli,1
Montaigne,1
Bacon,1
Colombia,1
Dominican Republic,1
Ecuador,1
Federal Republic of Germany,1
Honduras,1
Iceland,1
Uruguay,1
Venezuela,1
Report,1
Malta,1
Algeria,1
Ivory Coast,1
Masahati,1
Alappuzha,1
Michigan,1
anesthesia,1
Fin Tech,1
DoR,1
South Korea,1
Bitcoins,1
G-20,1
Circular.2.36,1
Bitcoin,1
VC,1
since:(i,1
Brussels,1
India;(v,1
Mathuram Agrawal v. State of Madhya Pradesh,1
as:•,1
"the States of Arunachal Pradesh, Assam",1
Contiguous,1
5.8.93,1
Debris,1
Peechi,1
out.6.8,1
Plastic Surgeon,1
IM,1
Nediyathuruthu,1
Pneumonia,1
Kapico,1
S. Jagannath v. UOI,1
distinguishable19,1
S. Jagannath v. Union of India,1
Kunhayammed v. State,1
07.07.2018,1
us.36,1
Aluminium,1
Package,1
West Bengal(f,1
New Delhi (Commission,1
Anuradha.(xiii,1
Respondents.(xiv,1
case.(vi,1
seriatum:(i,1
Sealdah,1
A.M.R.I.,1
Depomedrol,1
West Bengal.(xiii,1
Jagmohan v. State,1
Mahabubnagar District,1
Dehradun Mussoorie,1
Rodai.(11,1
Chhawla,1
SC/0711/2022,1
CFSL,1
Yeraganahalli.5,1
Assets,1
I/2016,1
accordingly.40,1
reach.(5,1
the Paragraph 4,1
Khargone,1
Khamid,1
Sampat,1
fragmentation.36,1
Laxmipat,1
Regulations.(5,1
Garden City,1
priority.6,1
vicinity.12,1
Green City',1
Navaneethakrishnan v. State,1
Anamika,1
the Letter of Assurance,1
the Sukhna Wildlife Sanctuary,1
symptoms11,1
GUIDANCE,1
Village Kansar,1
Balangir District,1
Sundargarh District,1
06.12.1962,1
M.M.,1
Kudremukh,1
follows:15.1,1
Kandhar,1
Village Rantha,1
POSCO.After,1
Navyuga,1
Companys,1
Industry,1
brethren.3,1
Harijan,1
the Kerala State and,1
Chandigarh City,1
Solar City,1
31.12.2019,1
revoked.123,1
the Lutyens Bungalow Zone,1
New Custom House,1
Acidity,1
Bhogapuram,1
Greenfield,1
Padmabati,1
decisions6,1
delay22,1
Resurgent Republic,1
Aaldrin,1
Dieldrin,1
Alderin,1
Ramasharan,1
Mundra Project,1
law.6,1
Hamburg,1
Port Sudan,1
Henderson,1
Tennants,1
NCDP.Ref,1
Stroud,1
D States,1
2006.(emphasis added)14,1
Calcutta City,1
the White City,1
Tel-Aviv,1
Ruin India's,1
Best City,1
reduced.157,1
directions.165,1
Allipore,1
morgue etc,1
Garden,1
Karur,1
Chowringhee,1
Bar.35,1
the States of Chhattisgarh,1
Agusta,1
Agusta S.P.A.,1
Finmeccanica,1
Central,1
Panama Papers,1
Kullu,1
the West Bengal,1
excavation.***23,1
court;(b,1
H.L.,1
Ahmedabad Printing,1
Gavanpada,1
Zone,1
Dwivedi,1
Gavanpada Village,1
Paragraph,1
today.c,1
Local Commercial Zone,1
criticism.970,1
buildings.974,1
Commissioners,1
Ors.2,1
Meerut City,1
List I,1
4th Edn.,1
Pushpabai,1
intent3,1
Nadi,1
Theog,1
misplaced.10,1
Jagpal Singh's,1
V.C.,1
investment21,1
NOIDA;(v,1
parking;k,1
flats;b,1
floors.56,1
Gopal,1
A-4 are:(i,1
issue:(i,1
sublease are:(i,1
apartments;134,1
instances:(i,1
the West Bank,1
Narela,1
agreed:(i,1
River Yamuna,1
Nagorcem,1
Palolem,1
Taluka-Cancona,1
D.L. Narayan,1
nala,1
Company'3In,1
flats.n,1
WP(MD,1
Bhainsakanhar,1
District Kanker,1
Bhanupratappur,1
District Varanasi,1
P.S. Shivapur,1
Lakhanpal,1
Sandeep,1
Y. Krishnan v. Union of India,1
Cause,1
propria,1
the Advocates on Record Association,1
matters?18,1
Subhash,1
Sharma v. Union of India MANU/SC/0643/1990,1
Desai,1
India.(5,1
one.(11,1
Minas,1
country.33,1
environment.82,1
23.1.2019,1
reproduced:4,1
"Parbatpur, Jharkhand.53",1
Newspapers,1
Wazirabad,1
principle.10,1
"price;""M.C.",1
"behalf;""P.C.",1
mentioning:(i,1
of.50,1
seriatim):(i,1
Annex,1
industry.c,1
mind84,1
St. Nazaire,1
Skoda,1
the Petitioner are:(i,1
European Union States,1
June-2016,1
Bokaro,1
Mauza South Parbatpur of Chandankiyari Block of Bokaro,1
Mauza South Parbatpur,1
Appellant,1
S.O.(E,1
Thiyagavalli Village,1
Upadhakshya,1
Joda,1
clearance9,1
Vikky,1
Munna,1
the State of Karnataka.)v,1
the States of Odisha,1
Kishanganj District,1
GAPL.However,1
law;(b,1
Mundra,1
Vaniyambattu,1
Chrompet Area,1
Ranipath,1
Thuthipath,1
Valayambattu,1
Thrichi,1
gifts.11,1
Kantilal Trikamlat,1
Amaravati,1
Chairpersons,1
the State of M.P. v. Nandlal Jaiswal,1
Cuddalore District,1
pongarniapinnata,1
agreements;(v,1
possession;h,1
the State of West Bengal's,1
who--(a,1
matter;a,1
NPAs,1
repeal1,1
the State of West,1
appeals;b,1
Repugnancya,1
the State of West Bengal;e,1
the State of West Bengal;g,1
List I;(ii,1
Rewa,1
U.S.T.C.,1
roc,1
azadirachtaindica,1
cassia,1
polyathialingifclia,1
KIOCL;(ii,1
the State of Karnataka;(iv,1
Tarun Bharat Sangh,1
Man,1
Vadam,1
Avnlapuram,1
cruelty.12,1
high.•,1
Previyasuriya,1
the State of years,1
xxx(j,1
xxx(k,1
Bull,1
Bhaisakanhar,1
the Delhi Ridge,1
Mankar,1
Jhabua District,1
Kakrana,1
Sondva,1
Adivasi villagers.10,1
Chitrapettai Village,1
the Desalination Plant,1
Slipways,1
Erudhu,1
Vadamadu,1
Manjuvirattu,1
Ambica Quarry's,1
Nairobi,1
M.C.Mehta,1
Edinburgh,1
14(a,1
Ethiopia,1
Earth Submit,1
Rio-de Janeiro(Brazil,1
proposals:(i,1
Village Kasoompur,1
Bullock,1
Phase-IV,1
C.G.,1
and(4,1
time).6,1
rates:(i,1
142nd,1
cancelled:(i,1
viz.:(i,1
Tulsadeipur,1
Mouza Pandara,1
Gakana,1
provides:115,1
agency.y,1
writing.(5,1
09.04.2018,1
xxx48,1
Kundur Rudrappa v. Mysore Revenue Appellate Tribunal,1
citizen;](d,1
N.S.,1
Kalady,1
NE,1
Jhandewala Park,1
Tirupati,1
H.L. Gokhale,1
R.G.,1
Patta,1
Raebareli,1
Wines,1
Lithasis,1
Excise Manual,1
Amboli,1
permanently.6,1
participated.10,1
G.K.,1
following:(i,1
Munshi Singh v. Union,1
Rio Tinto,1
Koya Commando,1
Koya,1
assertions:(i,1
SP Os.50,1
Macaulay,1
misericordia,1
Bishan,1
Conn.,1
Nevada,1
caprice.60,1
District Shimoga,1
M.V.,1
Zuari,1
North Goa District,1
North Goa,1
directions.6,1
NMDC,1
the City of Toronto,1
Jegurupadu,1
Register B.21,1
undeniable.i,1
Gautam,1
Subabul,1
commemorative plaza,1
Maulsari,1
Shisham,1
Litchi,1
Belpatra,1
Ficus,1
Samatha v. State of Andhra Pradesh,1
the States of Uttarakhand,1
"the Petitioners, Union of India",1
2.1.1:1,1
Urea,1
manner.ii,1
Meenachil,1
Manimala,1
the Gazette of India:,1
No Development Zone,1
under:(i,1
Navagraha,1
the Okhla Bird Sanctuary,1
India.8,1
Mallana,1
order.12,1
the European States,1
Washington D.C.,1
NRC.33,1
possession.3,1
Aravinda,1
Crimes,1
Chatham,1
misuseJ.The,1
background1,1
categories:(i,1
haemophilia,1
Persons,1
UPSC:,1
Chitoli,1
Paragana Hapur,1
the Leather City,1
the State of Rajasthan and S/Sri M.C. Bhandare,1
the Rajasthan State,1
Raghbir Singh Sehrawat,1
acquisition.81,1
25.4.2007,1
JJB,1
ICFRE,1
particular.2,1
us.4,1
further.16,1
receipt.(5,1
roles.10,1
findings.6,1
Pay:51,1
Coronavirus,1
01.09.2020,1
petition.12,1
"the States of Maharashtra, Andhra Pradesh",1
day.12,1
thereto.33,1
Baleshwar,1
industry.131,1
development.101,1
Wadi,1
Distt,1
Hadgarh Wildlife,1
Similipal Sanctuary,1
Bettiah,1
the Sarisua Hills,1
Dahanu,1
Dahanu.(3,1
impunity.10,1
Ganga Valley,1
Alakhnanda,1
Garwhal,1
03.05.2013,1
Mehargon,1
Paparasuand,1
Dikholi,1
Munjh Kot,1
Electro,1
Aadhyashakti,1
Chaturvedi,1
Chorabari Lake,1
past:(i,1
Paras 3.52-3.54,1
Nagpala,1
River Alaknanda,1
Choudwar,1
Chhendipada,1
Choita,1
Siltara,1
Bikram,1
Gondkhari,1
Hurilong,1
Hutar,1
Madras City,1
Chennai City Waterways Alignment of Surplus,1
30.03.2007,1
Vishwanathan,1
Jamaica,1
Karaichalli,1
Melavittan Village,1
D.G.,1
Mn,1
Economist,1
"follows:""i",1
Sibirsky,1
children.3,1
Karnataka.9,1
District Chitradurga,1
Bhaskarpara,1
Datima,1
the State of West Bengal.5.7,1
Rampia,1
Baranj I to,1
matter.131,1
18.10.2005,1
Belgaum,1
details.136.2,1
Pengedappa,1
Kosar,1
Amarkonda,1
03.07.2008,1
Jhirki,1
CoalNew Delhi,1
Bajrang,1
Agro Synergy,1
Badan,1
Mahan,1
Powerc,1
Bisrar,1
mahan,1
Undue,1
Departments:(c,1
Garkana,1
Willingdon island,1
legislation.3,1
Kendera,1
SC/0175/1997,1
Haryana.9,1
Act.12,1
Mohabatabad,1
Mangar,1
"under:""Anangpur",1
Pali village,1
RajasthanIn August 1992,1
Supposed,1
carefully.6,1
Asola,1
Delhi State,1
Indernagar,1
recharge zone,1
New Anangpur,1
Mohatabad,1
Faridabad-Gurgaon road.14,1
Soviet Union,1
Willingdon Island,1
Delhi-Gurgaon,1
Sri Trivedi,1
668H.,1
BCCI,1
Renusagar,1
SC/0251/2019,1
resisted.x,1
YearsWhen,1
Param,1
H.D.,1
Arts,1
K.R.S.,1
Matunga,1
GO,1
3.7.97,1
Peddashpur Village,1
NEAA):The,1
Sri Justice N.,1
Nickel,1
Hyflo,1
NGRI,1
mine.20,1
Mohabtabad,1
Shankarsan Dash v. Union of India MANU/SC/0373/1991,1
the 3rd Vol,1
Tukaram,1
Constitution.83,1
Jilubhai,1
I.R. Coelho,1
Schedule IX,1
THE UNITED STATES123,1
landowner.124,1
Village of Euclid v. Ambler Reality Co.,1
Nollan,1
generated.127,1
Hawaii,1
Agnis,1
Euclid,1
Ohio,1
U-2,1
Ill.,1
paragraph-41,1
Wazir,1
paragraph-189,1
Clarendon,1
Boston,1
publication.3,1
the United States Constitution,1
Rio Conference,1
Ramzan,1
Velachery,1
Basement,1
Nungambakkam Village,1
Behram,1
Agins v. City,1
Basantibai,1
Khetan,1
ANALYSIS27,1
any Province of India,1
Austin,1
Ambattur Taluk,1
Commercial Use Zone,1
East Velachery - Vijay Nagar,1
Alwarpet,1
Yogendra Pal and,1
Bhatinda,1
XX,1
Kuala,1
necessary.6,1
paris,1
09.10.2019,1
Alampur,1
question.7,1
Tovarankuruchi,1
Harur,1
Kanyakumari District,1
Raghbir Singh,1
Moiyar,1
factA.,1
E.R.,1
GQ,1
North-west,1
North-east,1
Expressways,1
future.101,1
it;(b,1
interest.65,1
NHAI,1
Hotels,1
Abadi,1
Villages Khori Jamalpur and Sirohi,1
28.02.2019,1
Shihsodia,1
Murugan,1
Neelima,1
the States of Arunachal Pradesh,1
Derawal Nagar,1
Vimal Bhai v. Union of India,1
Corrigendum,1
Janakpuri West-R.K. Ashram corridor.(vi,1
the North of Union Territory,1
Northern Ridge,1
Residual Hills,1
Okhla via Greater Kailash,1
Dhusiras Village,1
Chhatarpur,1
Maidangarhi,1
Saket,1
Khanpur,1
follows:(i,1
Delhi Ridge Area,1
today?2,1
V. Sriharan,1
St. Peter's,1
the Agra City,1
FO,1
GAIL).The,1
Bodla,1
Bichpuri,1
Mathura RoadAgra.227,1
Mathura RoadAgra.246,1
Ind. Area,1
Unit-2)C-8,1
Vijayabai,1
Andheri,1
Trivandrum,1
AIR1990SC53,1
Bhoodan,1
karaima,1
Kirby,1
Village Taleigao,1
District Tiswadi,1
Vainguinim Beach,1
to.(xxi,1
construction.3,1
Machado Cove,1
NunhaiAgra.205,1
Nawalganj,1
NunhaiAgra.202,1
ArtoniAgra.41,1
Kosi,1
Salimpur,1
Aligarh District,1
Bharatpur,1
the City of Agra,1
north west,1
Taj Trapezium Zone,1
Agra.25,1
RambaghAgra.60,1
SikandaraAgra.172,1
Dewan,1
Nunhai Rd,1
NawajganjAgra.136,1
Ltd.10/12,1
NawajganjAgra.157,1
NunihaiAgra.160,1
NunihaiAgra.162,1
NunihaiAgra163,1
follows:2(11,1
IITL,1
paragraph-36,1
District of,1
the District of Saharanpur,1
officials.6,1
District Superintendent,1
Sharanpur,1
the District of Alwar,1
Village Udhanwas,1
persica,1
18.8.2007,1
30.11.2007,1
Devalia,1
Girnar,1
Jafrabad,1
Rajula,1
Amreli,1
Bhavnagar,1
Barda Sanctuary,1
Tanzania,1
the Gujarat State,1
Palestine,1
Village Abdullapur,1
District Saharanpur,1
Sansar Chand,1
District Alwar,1
Saboli,1
Mandoli village-Mandoli Industrial Area,1
Kotdwar,1
District Pauri,1
Najibabad,1
backward hill,1
Bhagatji,1
CC,1
upon.3,1
Shamshad Begum,1
Harman.7,1
Suri,1
liability.142,1
Payee,1
MM,1
District Washim,1
District Aurangabad,1
Bhaskara,1
Shibu,1
Arabia,1
S.C.,1
Navi,1
NCT- Delhi,1
monsoon,1
Floor,1
the Gazette of India;MODIFICATIONLand,1
facilities.(R.S.,1
west bank,1
Pocket III,1
AssessmentDDA,1
the UT of Delhi,1
West bank,1
Nishatganj,1
mandatory.6,1
Corporation.(5,1
development;(b,1
Jhandewala,1
Jandewala,1
NORTH Chhedilal,1
S.L.P.2,1
the State of Maharashtra;(b,1
The States of Haryana,1
Zooplankton,1
Masterplan,1
Jowell,1
W.P.,1
District Ludhiana,1
Village Old,1
Panchkula,1
Yamunanagar,1
trespass;(e,1
quarries).Thus,1
Village,1
Killa,1
Faridabad District,1
Magadi Taluk of Bangalore Rural District,1
Gangennahalli Village,1
Kurubarahalli Village,1
Varathur Village,1
Varthur Narasimhapura Village,1
Thippagondanahally,1
Arkavati,1
Bangalore.(5,1
regard.12,1
"Pondicherry, Karaikal",1
Court.(vii,1
Burari,1
Shahdara,1
the Hingir Rampur Coal Company Ltd.,1
persons.6,1
"Ministers"":(i",1
Abyssinia,1
Wyndham,1
rectifications.6,1
Group,1
Aletti village,1
J.)1,1
the Indian Penal Code;(b,1
frippery.10,1
Press,1
x(4,1
situation.3,1
Ottawa,1
ponds.10,1
Jagpal Singh v. State,1
area.e,1
Inaccessible,1
Andrott,1
Kalyanpur,1
Hingir-Rampur Coal Company Ltd.,1
Goshalas,1
The State of Bihar v. Maharajadhiraja,1
Village Pandaras,1
Jamukoli,1
Bhubaneswar.5,1
Mouza,1
Village - Pandara,1
Bhubaneswar,1
Village Rewali,1
Abhijeet.7.2,1
Village Rajabeda,1
Ramgarh,1
West Singhbhum,1
approval.12,1
Abhijeet,1
Prakash,1
north-east,1
Dirishumburu,1
Kolaiburu,1
B.N.,1
Phalgun,1
Minicoy,1
Kalpeni,1
Kiltan,1
Kadmat,1
01.01.2021,1
SCSC,1
J.61,1
Legislature,1
City,1
the City of Kanpur,1
Nalas,1
Kanpur City,1
Schistosoma,1
Derby,1
Respondent-States,1
Chrysolite Asbestos,1
"Several States, Union Territories",1
"Mundra, Kutch",1
NOIDA,1
Serial Nos,1
Memberc,1
IIT Delhi - Memberf,1
IIT-Delhi,1
the District of Columbia,1
Topeka,1
Marbury,1
Mumbai City XXV,1
question.8,1
Asarpal Singh,1
New Delhi-Member28,1
Credo,1
Sri Lanka,1
Pledge,1
Respondents.84,1
Tax,1
A.Y.,1
Lusaka,1
Modi,1
Proceeding,1
lessees.(VI,1
Ramgad,1
IBM;(b,1
Bellary,1
CEC20,1
Belekeri,1
the Gazette of India.(4),1
L.P.A.,1
Chandigarh Scheme,1
Dominica,1
Grenada,1
Guinea,1
Haiti,1
Khmere Republic,1
Kiribati,1
Latvia,1
Madagascar,1
Marocco,1
Mauritania,1
Mauritius,1
Niger,1
Nigeria,1
North Borneo,1
Romania,1
St. Kitts,1
Nevis,1
St. Lucia,1
St. Vincent,1
Slovenia,1
"Overseas Territories, Gabon",1
Djibouti,1
management.10,1
Croatia,1
Gulal,1
Rallis India,1
Nehru,1
the Union and States,1
Socialist Republic,1
entity.g,1
Dobespet Industrial Area,1
"P.105)""",1
allowed.48,1
India.2,1
P&I,1
prevail.9,1
CERTAIN,1
Gould,1
Nagasaki,1
Belize,1
Benin,1
Central African Republic,1
Comoros,1
Solomon Islands,1
Sudan,1
Tchad,1
Tonga,1
Hoechest,1
H.S.,1
Hussain,1
the State of Bihar.(3,1
petitioners.6,1
4th Edn,1
F.D.,1
SC/0450/1970,1
District Rajkot,1
case17,1
case49,1
contraria,1
State:,1
06.04.2023,1
void.19,1
L.A.,1
accordingly:(i,1
ports'.8,1
follows:(ii,1
06.12.2012,1
Armenia,1
short).2,1
St. Helena,1
Caicos,1
Tuvalu,1
United Kingdom of Great Britain,1
Northern Ireland,1
Gibraltar,1
Bermuda,1
Anguilla,1
Caiman Islands,1
Guernsey,1
North West Industrial Area CEPT Society,1
Falkland Islands,1
Zaire,1
Kapila,1
A.M. Ahmadi,1
Jindals,1
McCOWAN,1
I.As,1
Badli Industrial Estate.12,1
Kumkum,1
Bopal,1
Shiva,1
Uijain,1
Kavardha,1
"Nasik, Maharashtra",1
Jyotirling,1
Jaina,1
Kalidasa,1
Abhidhanchintamani,1
Naradapurana,1
Avantikapuri,1
Avantikapur,1
Vishala,1
Kanakashringa,1
Kushasthali,1
Padmavati,1
Kumudvati,1
Swarnashringa,1
Padmawati,1
Hiranyawati,1
Kuvalayamala,1
Prayag,1
Mustang,1
Khandwa,1
R.N.,1
Pasupat Sutra,1
Rudra,1
Ishaan,1
Prajapati,1
Veda,1
Bharat,1
Golden,1
Silver,1
Diamond,1
Vadodara,1
Kushik,1
Bhasma,1
Bhasam,1
Brahmin,1
Uma,1
Shiv Mahapuran,1
Panchbrahmhopnishad,1
Bhasma Ashnan,1
Puranas,1
Ujjaini,1
Prakrit,1
Prakrit Ujaiyani,1
Shakas,1
Tushars,1
Bhadrakali,1
Kashivishvanath,1
Gayatridevi,1
Shivallinga,1
Achala,1
Swayambhulinga,1
Datyodak,1
Poojaris,1
kundala,1
Homemade,1
Bhang,1
Silica Content,1
Titanium,1
Parikrama,1
the Abhishekas of Jyotirlinga,1
Garbhgriha,1
Jyotirlingam,1
Bhasmaaarti,1
Nagapanchami,1
Sakhshigopal,1
Aurangazeb,1
Satvahana,1
Aurangzeb,1
Kalinga,1
Bongo,1
Skandapurana,1
the Mahakal Vana,1
Mayapuri,1
Kosala,1
Broach,1
Mahakala,1
Murad,1
Sunga,1
Scindias,1
Ramachandra,1
Kanthadeshwar,1
Lumpeshwara,1
Pishachamukteshwara,1
Angareshwor,1
Novagriha,1
Kumahar,1
"FWA""8For",1
